title,year,release_date,vote_average,vote_count,revenue,budget,runtime
The Shawshank Redemption,1994,1994-09-23,8.712,28541,28341469,25000000,142
The Godfather,1972,1972-03-14,8.688,21620,245066411,6000000,175
KPop Demon Hunters,2025,2025-06-20,8.618,600,0,0,96
The Godfather Part II,1974,1974-12-20,8.571,13054,102600000,13000000,202
Schindler's List,1993,1993-12-15,8.565,16534,321365567,22000000,195
12 Angry Men,1957,1957-04-10,8.549,9244,4360000,397751,97
Spirited Away,2001,2001-07-20,8.537,17279,274925095,19000000,125
The Dark Knight,2008,2008-07-16,8.522,34062,1004558444,185000000,152
Dilwale Dulhania Le Jayenge,1995,1995-10-20,8.518,4496,100000000,13200000,190
The Green Mile,1999,1999-12-10,8.504,18201,286801374,60000000,189
Parasite,2019,2019-05-30,8.499,19238,257591776,11363000,133
Pulp Fiction,1994,1994-09-10,8.489,28845,213928762,8000000,154
The Lord of the Rings: The Return of the King,2003,2003-12-17,8.488,25245,1118888979,94000000,201
Your Name.,2016,2016-08-26,8.483,11854,358000000,0,106
Forrest Gump,1994,1994-06-23,8.468,28379,677387716,55000000,142
"The Good, the Bad and the Ugly",1966,1966-12-22,8.465,9072,38900000,1200000,161
Interstellar,2014,2014-11-05,8.456,37421,746606706,165000000,169
GoodFellas,1990,1990-09-12,8.455,13476,46800000,25000000,145
Seven Samurai,1954,1954-04-26,8.455,3936,105000000,2000000,207
Grave of the Fireflies,1988,1988-04-16,8.45,5954,516962,3700000,89
Life Is Beautiful,1997,1997-12-20,8.445,13434,230098753,20000000,116
Cinema Paradiso,1988,1988-11-17,8.436,4557,11990401,5000000,124
Fight Club,1999,1999-10-15,8.437,30468,100853753,63000000,139
City of God,2002,2002-08-30,8.431,7714,30641770,3300000,129
Impossible Things,2021,2021-06-17,8.43,410,0,0,88
A Dog's Will,2000,2000-09-15,8.425,1171,4903192,0,104
Harakiri,1962,1962-09-15,8.424,1096,0,0,135
The Lord of the Rings: The Fellowship of the Ring,2001,2001-12-18,8.423,26143,871368364,93000000,179
Psycho,1960,1960-06-22,8.4,10427,50048065,806947,109
One Flew Over the Cuckoo's Nest,1975,1975-11-19,8.413,10841,108981275,3000000,133
Gabriel's Inferno,2020,2020-05-29,8.412,2427,0,0,122
Once Upon a Time in America,1984,1984-05-23,8.411,5656,5500000,30000000,229
The Lord of the Rings: The Two Towers,2002,2002-12-18,8.408,22720,926287400,79000000,179
Spider-Man: Into the Spider-Verse,2018,2018-12-06,8.4,16251,384298736,90000000,117
Howl's Moving Castle,2004,2004-09-09,8.397,10397,236049757,24000000,119
Hope,2013,2013-10-02,8.398,791,0,0,122
The Empire Strikes Back,1980,1980-05-20,8.396,17523,538400000,18000000,124
A Silent Voice: The Movie,2016,2016-09-17,8.4,4162,30819442,0,129
The Pianist,2002,2002-09-17,8.379,9583,120098945,35000000,150
Gabriel's Inferno: Part II,2020,2020-07-31,8.379,1527,0,0,106
Whiplash,2014,2014-10-10,8.377,15757,50307484,3300000,107
Lucy Shimmers and the Prince of Peace,2020,2020-10-19,8.4,315,0,0,87
Primal: Tales of Savagery,2019,2019-11-21,8.376,339,0,0,85
Se7en,1995,1995-09-22,8.376,21855,327311859,33000000,127
Gabriel's Inferno: Part III,2020,2020-11-19,8.374,1063,0,0,102
Inception,2010,2010-07-15,8.4,37661,839030630,160000000,148
Radical,2023,2023-10-19,8.366,460,21761164,10000000,126
Rear Window,1954,1954-08-01,8.353,6753,37042336,1000000,112
The Silence of the Lambs,1991,1991-02-14,8.347,16929,272742922,19000000,119
Spider-Man: Across the Spider-Verse,2023,2023-05-31,8.347,7695,690897910,100000000,140
High and Low,1963,1963-03-01,8.345,995,0,250000,142
The Legend of Hei,2019,2019-08-27,8.341,392,48045728,0,102
American History X,1998,1998-07-01,8.337,11934,23900000,20000000,119
The Quintessential Quintuplets Movie,2022,2022-05-20,8.335,414,17288993,0,136
Princess Mononoke,1997,1997-07-12,8.327,8436,176506186,23500000,134
Dou kyu sei – Classmates,2016,2016-02-20,8.325,406,1397526,0,61
Back to the Future,1985,1985-07-03,8.322,20681,381109762,19000000,116
A Brighter Summer Day,1991,1991-07-27,8.321,343,0,0,237
Counterattack,2025,2025-02-27,8.32,717,0,0,85
The Wild Robot,2024,2024-09-12,8.3,5162,331982078,78000000,102
"Josee, the Tiger and the Fish",2020,2020-12-25,8.313,515,0,0,98
Ikiru,1952,1952-10-09,8.31,1213,55240,0,143
Perfect Blue,1998,1998-02-28,8.3,2853,112536,830000,82
Dead Poets Society,1989,1989-06-02,8.301,11729,235900000,16400000,128
Léon: The Professional,1994,1994-09-14,8.301,15306,45284974,16000000,111
The Great Dictator,1940,1940-10-15,8.296,3489,11000000,2000000,125
Sunset Boulevard,1950,1950-08-10,8.294,2706,5000000,1752000,110
Dedicated to my ex,2019,2019-11-01,8.291,510,1315376,0,94
Violet Evergarden: The Movie,2020,2020-09-18,8.291,454,20339624,0,140
Once Upon a Time in the West,1968,1968-12-21,8.285,4569,5380118,5000000,166
We All Loved Each Other So Much,1974,1974-12-21,8.284,602,0,0,124
Hotarubi no Mori e,2011,2011-09-17,8.3,1151,0,0,45
Modern Times,1936,1936-02-05,8.28,3844,1800000,1500000,87
It's a Wonderful Life,1946,1946-12-20,8.3,4534,9644124,3180000,130
Given,2020,2020-08-22,8.276,404,0,0,60
Neon Genesis Evangelion: The End of Evangelion,1997,1997-07-19,8.276,1699,20563523,0,87
Apocalypse Now,1979,1979-05-19,8.273,8548,150000000,31500000,147
The Intouchables,2011,2011-11-02,8.272,17710,426590315,13000000,113
Once Upon a Studio,2023,2023-09-24,8.271,398,0,0,9
City Lights,1931,1931-02-06,8.265,2289,4250000,1500000,87
Le Trou,1960,1960-03-18,8.258,512,33187,0,132
Paths of Glory,1957,1957-10-25,8.258,3059,1200000,935000,88
Miracle in Cell No. 7,2019,2019-10-10,8.257,4475,28000000,0,132
The Lion King,1994,1994-06-15,8.3,18857,763455561,45000000,89
The Legend of 1900,1998,1998-10-28,8.254,2327,21057208,9000000,170
Oldboy,2003,2003-11-21,8.251,9102,17500000,3000000,120
Rascal Does Not Dream of a Dreaming Girl,2019,2019-06-15,8.248,542,0,0,90
Out of the Clear Blue Sky,2019,2019-12-24,8.246,358,0,0,112
Clouds,2020,2020-10-09,8.244,1026,0,0,121
Taylor Swift: Reputation Stadium Tour,2018,2018-12-31,8.243,408,0,0,125
I Want to Eat Your Pancreas,2018,2018-09-01,8.242,1637,33748006,0,108
Life in a Year,2020,2020-11-27,8.24,1920,0,0,107
Avengers: Endgame,2019,2019-04-24,8.24,26499,2799439100,356000000,181
Klaus,2019,2019-11-08,8.238,4309,0,0,96
Five Feet Apart,2019,2019-03-14,8.235,5737,92600000,7000000,116
Avengers: Infinity War,2018,2018-04-25,8.2,30712,2052415039,300000000,149
TAYLOR SWIFT | THE ERAS TOUR,2023,2023-10-13,8.218,451,261656269,15000000,169
Come and See,1985,1985-10-17,8.232,1628,20929648,0,142
Green Book,2018,2018-11-16,8.23,12101,321752656,23000000,130
Il Sorpasso,1962,1962-12-05,8.23,800,0,0,105
Evangelion: 3.0+1.0 Thrice Upon a Time,2021,2021-03-08,8.229,859,93882453,29700000,155
The Matrix,1999,1999-03-31,8.229,26560,463517383,63000000,136
Mommy,2014,2014-09-19,8.228,2764,3494070,4900000,138
"The Boy, the Mole, the Fox and the Horse",2022,2022-12-25,8.227,644,0,0,35
Ultraman: Rising,2024,2024-06-14,8.2,334,0,0,117
Wolf Children,2012,2012-07-21,8.22,2348,55262158,0,117
Gladiator,2000,2000-05-04,8.22,19846,465516248,103000000,155
Justice League Dark: Apokolips War,2020,2020-05-05,8.219,1500,0,0,90
Witness for the Prosecution,1957,1957-12-17,8.217,1512,9000000,3000000,116
Saving Private Ryan,1998,1998-07-24,8.218,16391,481840909,70000000,169
Puss in Boots: The Last Wish,2022,2022-12-07,8.2,8279,484700000,90000000,103
Wolfwalkers,2020,2020-10-26,8.213,1274,1310720,12000000,102
Inglourious Basterds,2009,2009-08-02,8.213,22986,321457747,70000000,153
The Shining,1980,1980-05-23,8.211,18031,44781695,19000000,144
Woman in the Dunes,1964,1964-02-15,8.2,478,0,0,147
The Art of Racing in the Rain,2019,2019-08-08,8.208,1532,33800000,18000000,109
Demon Slayer -Kimetsu no Yaiba- The Movie: Mugen Train,2020,2020-10-16,8.207,4125,523542183,15700000,117
Michael Jackson's Thriller,1983,1983-11-14,8.206,713,0,500000,14
The Help,2011,2011-08-09,8.206,8601,216600000,25000000,146
Star Wars,1977,1977-05-25,8.206,21308,775398007,11000000,121
Coco,2017,2017-10-27,8.204,20058,807816196,175000000,105
The Handmaiden,2016,2016-06-01,8.2,3966,38600000,8575000,145
The Prestige,2006,2006-10-17,8.204,16622,109676311,40000000,130
Shutter Island,2010,2010-02-14,8.201,24666,294804195,80000000,138
My Mom Is a Character 3,2019,2019-12-26,8.197,482,39273021,2000000,111
The Apartment,1960,1960-06-21,8.196,2441,25000000,3000000,125
Doctor Who: The Day of the Doctor,2013,2013-11-23,8.2,760,10000000,0,77
20th Century Girl,2022,2022-10-06,8.192,742,0,119,119
Hacksaw Ridge,2016,2016-10-07,8.193,14187,175302354,40000000,139
Maquia: When the Promised Flower Blooms,2018,2018-02-24,8.19,654,4345395,0,115
A Clockwork Orange,1971,1971-12-19,8.2,13237,27033812,2200000,137
The Seventh Seal,1957,1957-02-16,8.2,3124,311212,150000,96
Django Unchained,2012,2012-12-25,8.183,26879,425368238,100000000,165
Black Clover: Sword of the Wizard King,2023,2023-06-16,8.172,314,0,0,113
Memento,2000,2000-10-11,8.179,15386,40047236,9000000,113
Investigation of a Citizen Above Suspicion,1970,1970-10-16,8.176,820,0,0,111
Bicycle Thieves,1948,1948-07-21,8.176,2500,450159,133000,89
Top Gun: Maverick,2022,2022-05-21,8.174,10001,1488732821,170000000,131
The Usual Suspects,1995,1995-07-19,8.173,10756,23300000,6000000,106
Flow,2024,2024-08-29,8.171,2120,17660107,3700000,85
Steven Universe: The Movie,2019,2019-10-07,8.172,819,0,0,82
Tokyo Story,1953,1953-11-03,8.2,1130,0,0,137
Alien,1979,1979-05-25,8.165,15414,104931801,11000000,117
Innocent Voices,2005,2005-01-28,8.163,504,837000,0,120
Vertigo,1958,1958-05-28,8.161,5965,7808900,2479000,128
Scarface,1983,1983-12-09,8.161,12306,66023329,25000000,170
The Departed,2006,2006-10-04,8.159,15396,291465000,90000000,151
Good Will Hunting,1997,1997-12-05,8.158,12910,225900000,10000000,127
Casablanca,1943,1943-01-15,8.157,5669,10462500,878000,103
The Kid,1921,1921-01-21,8.154,2203,2500000,250000,68
My Hero Academia: Heroes Rising,2019,2019-12-20,8.153,1215,30017163,0,104
Piper,2016,2016-06-16,8.2,1671,0,0,6
Persona,1966,1966-10-18,8.151,2275,0,0,84
Silenced,2011,2011-09-22,8.152,690,31500000,2200000,125
Singin' in the Rain,1952,1952-04-10,8.149,3277,7200000,2540800,103
Capernaum,2018,2018-09-20,8.1,1816,64978931,4000000,126
The Truman Show,1998,1998-06-04,8.147,19087,264100000,60000000,103
Hamilton,2020,2020-07-03,8.146,1512,0,0,160
Dune: Part Two,2024,2024-02-27,8.144,6828,714444358,190000000,167
Togo,2019,2019-12-20,8.142,2104,0,0,113
My Friends,1975,1975-10-24,8.142,712,0,0,140
Violet Evergarden: Eternity and the Auto Memory Doll,2019,2019-09-06,8.14,411,10841702,0,91
Palmer,2021,2021-01-28,8.138,1766,0,0,110
Central Station,1998,1998-04-03,8.1,970,5596708,2900000,110
Joker,2019,2019-10-01,8.135,26585,1078958629,55000000,122
Bound by Honor,1993,1993-02-05,8.135,1439,4500000,35000000,180
Taxi Driver,1976,1976-02-09,8.135,12746,28579636,1900000,114
8½,1963,1963-02-14,8.135,2391,0,0,139
Better Days,2019,2019-10-25,8.1,492,225879065,0,135
There's Still Tomorrow,2023,2023-10-26,8.13,1391,50121593,9000000,118
The Shop Around the Corner,1940,1940-01-12,8.13,760,0,500000,99
Terminator 2: Judgment Day,1991,1991-07-03,8.129,13420,520000000,102000000,137
Jujutsu Kaisen 0,2021,2021-12-24,8.123,1525,195870885,0,105
Dr. Strangelove or: How I Learned to Stop Worrying and Love the Bomb,1964,1964-01-29,8.122,5827,9500000,1800000,95
Full Metal Jacket,1987,1987-06-26,8.122,10876,46357676,30000000,117
Red Beard,1965,1965-04-03,8.119,378,0,0,185
Reservoir Dogs,1992,1992-09-02,8.119,14706,2859750,1200000,99
Wonder,2017,2017-11-13,8.118,8026,315025930,20000000,113
Zack Snyder's Justice League,2021,2021-03-18,8.117,10284,0,70000000,242
Portrait of a Lady on Fire,2019,2019-09-18,8.114,2717,9923127,5740000,121
Call Me by Your Name,2017,2017-07-28,8.1,12349,43143046,3500000,132
"Lock, Stock and Two Smoking Barrels",1998,1998-08-28,8.114,6801,28356188,1350000,105
"“The Shorts” by Aldo, Giovanni and Giacomo",1996,1996-03-29,8.113,355,0,0,130
The Father,2020,2020-12-23,8.112,3360,21029340,6000000,97
Stalker,1979,1979-05-25,8.1,2323,0,120000,162
Double Indemnity,1944,1944-07-06,8.111,1883,2500000,927262,107
Scenes from a Marriage,1974,1974-09-15,8.109,373,0,150000,169
Soul,2020,2020-12-25,8.107,10833,121977511,150000000,101
Wild Strawberries,1957,1957-08-28,8.1,1696,0,0,91
Green Snake,2021,2021-07-23,8.105,330,87212911,0,131
The Best of Youth,2003,2003-06-22,8.105,564,2693053,0,367
Metropolis,1927,1927-02-06,8.105,2897,1350322,5300000,153
In the Mood for Love,2000,2000-09-29,8.103,2960,15867968,3000000,98
Big Deal on Madonna Street,1958,1958-07-26,8.101,736,0,0,106
WALL·E,2008,2008-06-22,8.101,19331,521311860,180000000,98
New Gods: Nezha Reborn,2021,2021-02-06,8.1,469,70000000,0,116
"Paris, Texas",1984,1984-07-16,8.1,2004,2181987,1750000,145
Prisoners,2013,2013-09-19,8.098,12269,122126687,46000000,153
Yojimbo,1961,1961-04-25,8.098,1555,0,0,110
Mortal Kombat Legends: Scorpion's Revenge,2020,2020-04-12,8.1,1411,0,0,80
The Invisible Guest,2017,2017-01-06,8.1,4699,30000000,4000000,107
Some Like It Hot,1959,1959-03-19,8.096,3625,25000000,2883848,122
The Hate U Give,2018,2018-10-19,8.095,2161,34934009,23000000,133
Sansho the Bailiff,1954,1954-03-31,8.095,393,0,0,124
The Hunt,2012,2012-06-13,8.094,4403,18300000,3800000,116
The Great War,1959,1959-10-28,8.094,358,0,0,137
Children of Paradise,1945,1945-03-15,8.093,429,1457,0,190
"Miraculous World: New York, United HeroeZ",2020,2020-09-25,8.1,1115,0,0,61
Incendies,2010,2010-09-17,8.092,2955,6788659,6800000,131
Eternal Sunshine of the Spotless Mind,2004,2004-03-19,8.092,15542,72258126,20000000,108
Harry Potter and the Deathly Hallows: Part 2,2011,2011-07-12,8.087,21129,1341511219,125000000,130
La Haine,1995,1995-05-31,8.1,4241,15300000,2600000,98
Das Boot,1981,1981-09-17,8.085,2322,85000000,14000000,150
Purple Hearts,2022,2022-07-29,8.081,2695,0,0,122
The Tale of The Princess Kaguya,2013,2013-11-23,8.081,1863,24366656,49300000,137
All About Eve,1950,1950-11-09,8.08,1592,8400000,1400000,139
Far from the Tree,2021,2021-11-24,8.079,380,0,0,7
KONOSUBA – God's blessing on this wonderful world! Legend of Crimson,2019,2019-08-30,8.075,567,5078942,0,90
M,1931,1931-05-11,8.074,2297,35274,0,111
Transformers One,2024,2024-09-11,8.073,1304,128888103,75000000,104
To Live,1994,1994-05-18,8.072,332,0,0,133
There Will Be Blood,2007,2007-12-26,8.072,6878,77208711,25000000,158
Along with the Gods: The Two Worlds,2017,2017-12-20,8.071,1096,125983972,18300000,139
My Neighbor Totoro,1988,1988-04-16,8.071,8313,41000000,3700000,86
The Thing,1982,1982-06-25,8.07,7358,19629760,15000000,109
Memoir of a Snail,2024,2024-10-17,8.068,584,7,4350000,94
Along with the Gods: The Last 49 Days,2018,2018-08-01,8.068,697,112790210,18300000,141
"Three Billboards Outside Ebbing, Missouri",2017,2017-12-01,8.1,10380,162729321,15000000,115
La Dolce Vita,1960,1960-02-05,8.066,1936,19647000,0,176
A Taxi Driver,2017,2017-08-02,8.065,1054,81927980,12820005,138
Pride & Prejudice,2005,2005-09-16,8.065,8321,124604345,28000000,127
2001: A Space Odyssey,1968,1968-04-02,8.1,11920,71923560,12000000,149
Memories of Murder,2003,2003-04-25,8.1,4101,26000000,2800000,131
A Dog's Journey,2019,2019-05-03,8.06,1558,78871079,16000000,109
Prayers for Bobby,2009,2009-01-24,8.1,598,0,0,89
Sherlock Jr.,1924,1924-04-17,8.059,1060,0,0,45
Rashomon,1950,1950-08-26,8.059,2341,117668,250000,88
Believe Me: The Abduction of Lisa McVey,2018,2018-09-30,8.058,644,0,0,98
Oppenheimer,2023,2023-07-19,8.057,10435,952000000,100000000,181
Elite Squad,2007,2007-10-12,8.057,2520,14759148,4000000,115
Guillermo del Toro's Pinocchio,2022,2022-11-09,8.055,3081,0,35000000,117
Look Back,2024,2024-06-28,8.053,377,12648664,0,58
Hidden Figures,2016,2016-12-10,8.053,10009,235957472,25000000,127
Ran,1985,1985-06-01,8.1,1645,23334156,12000000,160
The Young and the Damned,1950,1950-12-09,8.051,503,0,0,82
Bo Burnham: Make Happy,2016,2016-06-03,8.1,400,0,0,60
The Elephant Man,1980,1980-10-09,8.05,3683,26000000,5000000,124
A Special Day,1977,1977-08-11,8.0,709,0,0,106
Lion,2016,2016-11-24,8.045,6717,140312928,12000000,118
Me Against You: Mr. S's Vendetta,2020,2020-01-17,8.042,469,9500000,75000,64
Bo Burnham: Inside,2021,2021-07-22,8.0,538,0,0,87
Ayla: The Daughter of War,2017,2017-10-27,8.0,373,21107423,4200000,124
The Grand Budapest Hotel,2014,2014-02-26,8.037,15281,174600318,30000000,100
Paper Lives,2021,2021-03-12,8.029,390,0,0,96
The Lives of Others,2006,2006-03-23,8.033,3839,77672685,2000000,137
The Second Mother,2015,2015-06-04,8.033,743,0,0,112
My Name Is Khan,2010,2010-02-10,8.033,1358,42345360,12000000,165
Judgment at Nuremberg,1961,1961-12-18,8.032,850,10000000,3000000,191
On My Skin,2018,2018-09-12,8.031,1862,0,0,100
The Wolf of Wall Street,2013,2013-12-25,8.028,24770,407038432,100000000,180
The Sting,1973,1973-12-25,8.027,2726,159616327,5500000,129
How to Train Your Dragon: Homecoming,2019,2019-12-03,8.027,1040,0,0,22
Scooby-Doo! and Kiss: Rock and Roll Mystery,2015,2015-07-09,8.026,329,0,0,79
Flipped,2010,2010-08-06,8.026,3147,4324817,14000000,89
The Wages of Fear,1953,1953-04-22,8.026,1001,0,0,153
The 400 Blows,1959,1959-06-03,8.026,2210,0,0,99
Robot Dreams,2023,2023-12-06,8.024,678,4656348,5300000,102
Amadeus,1984,1984-09-19,8.024,4440,90007557,18000000,160
"Veinteañera, divorciada y fantástica",2020,2020-02-14,8.023,389,0,0,93
"Toto, Peppino, and the Hussy",1956,1956-08-23,8.021,358,0,0,101
"Rome, Open City",1945,1945-10-08,8.021,919,1000000,20000,103
For a Few Dollars More,1965,1965-12-18,8.018,4162,15000000,600000,132
Dial M for Murder,1954,1954-05-29,8.018,2698,3000000,1400000,105
Song of the Sea,2014,2014-06-23,8.015,1473,857522,0,94
Rocco and His Brothers,1960,1960-10-07,8.015,619,0,0,178
Requiem for a Dream,2000,2000-10-06,8.015,10364,7390108,4500000,102
Harry Potter and the Prisoner of Azkaban,2004,2004-05-31,8.013,22229,789804554,130000000,141
Hachi: A Dog's Tale,2009,2009-06-08,8.012,6862,46800000,16000000,93
Gifted,2017,2017-04-07,8.007,5698,40300000,7000000,101
American Beauty,1999,1999-09-15,8.007,12439,356296601,15000000,122
Late Spring,1949,1949-09-13,8.006,439,0,0,108
Ford v Ferrari,2019,2019-11-13,8.005,8380,225508210,97600000,153
Black Beauty,2020,2020-11-27,8.004,342,0,0,110
Jojo Rabbit,2019,2019-10-18,8.004,9867,82468705,14000000,108
Room,2015,2015-10-16,8.004,9371,35401758,13000000,118
Barry Lyndon,1975,1975-12-18,8.001,2953,31500000,11000000,185
Beyond the Universe,2022,2022-10-27,8.002,328,0,0,126
Weathering with You,2019,2019-06-19,8.0,2435,186965409,0,112
Kill Bill: The Whole Bloody Affair,2011,2011-03-27,8.0,1061,0,55000000,247
3 Idiots,2009,2009-12-23,7.999,2502,70000000,9000000,171
Casino,1995,1995-11-22,7.999,6089,116112375,50000000,179
Citizen Kane,1941,1941-04-17,7.998,5707,23218000,839727,119
Society of the Snow,2023,2023-12-15,7.996,3188,1281,65500000,144
Lawrence of Arabia,1962,1962-12-11,7.997,3183,69995385,15000000,228
Ugetsu,1953,1953-03-26,7.996,599,0,0,96
Tae Guk Gi: The Brotherhood of War,2004,2004-02-05,7.996,720,0,1500000,148
"Love, Simon",2018,2018-02-16,7.995,6111,66316289,17000000,110
The Imitation Game,2014,2014-11-14,7.994,17407,233555708,14000000,113
All Your Faces,2023,2023-03-29,7.987,615,0,0,115
Loving Vincent,2017,2017-06-22,7.992,2508,42187665,5500000,95
Love Hurts,2002,2002-11-08,7.992,333,0,10000000,104
Cruella,2021,2021-05-26,8.0,9645,233503234,200000000,134
Paperman,2012,2012-11-02,7.991,1743,0,0,7
The Deer Hunter,1978,1978-12-08,7.991,3965,49000000,15000000,183
The Passion of Joan of Arc,1928,1928-04-21,8.0,1004,18121,0,82
Sound of Freedom,2023,2023-07-03,7.991,2571,250600000,14500000,131
Gran Torino,2008,2008-12-12,7.99,10995,270000000,33000000,116
"Red, White & Royal Blue",2023,2023-07-27,7.989,1392,0,0,121
El mesero,2021,2021-07-15,8.0,354,0,0,86
1917,2019,2019-12-25,7.989,12857,394638258,100000000,119
Bingo: The King of the Mornings,2017,2017-08-24,7.989,397,0,0,113
Nights of Cabiria,1957,1957-10-03,7.989,800,752045,0,110
To Kill a Mockingbird,1962,1962-12-20,7.989,2704,13129846,2000000,129
In a Heartbeat,2017,2017-06-01,7.988,1002,0,0,4
The Count of Monte Cristo,2024,2024-06-28,7.988,1686,75360860,46000000,178
The Secret in Their Eyes,2009,2009-08-13,7.984,2654,33965843,2000000,130
Like Stars on Earth,2007,2007-12-21,7.983,1218,28430000,2600000,162
The Gold Rush,1925,1925-07-13,7.984,1681,4000000,923000,95
North by Northwest,1959,1959-07-08,7.983,4255,13275000,4000000,136
Nobody Knows,2004,2004-08-07,8.0,571,0,0,141
Love Exposure,2009,2009-01-31,8.0,475,0,0,237
Catch Me If You Can,2002,2002-12-16,8.0,16201,352114312,52000000,141
Kitbull,2019,2019-01-18,7.974,378,0,0,9
Castle in the Sky,1986,1986-08-02,7.973,4381,5228752,3000000,125
The Hidden Fortress,1958,1958-12-28,8.0,645,57673,0,139
Bohemian Rhapsody,2018,2018-10-24,7.972,17197,910813521,52000000,135
Andrei Rublev,1966,1966-12-16,7.972,876,24173,0,183
Kill Bill: Vol. 1,2003,2003-10-10,7.971,17979,180906076,30000000,111
Autumn Sonata,1978,1978-10-08,8.0,643,0,0,93
Toy Story,1995,1995-11-22,7.97,18952,394436586,30000000,81
La Notte,1961,1961-01-24,7.969,701,0,0,122
The Red Shoes,1948,1948-09-06,7.968,695,0,500000,133
Before Sunrise,1995,1995-01-27,8.0,4330,5987386,2500000,101
Chungking Express,1994,1994-07-14,8.0,1963,0,160000,103
Predator: Killer of Killers,2025,2025-06-05,7.963,708,0,0,85
Three Men and a Leg,1997,1997-12-27,7.963,2101,0,0,98
Trainspotting,1996,1996-02-23,7.962,9923,71981823,4000000,94
I'm Still Here,2024,2024-09-19,8.0,730,36109482,1480000,138
Jurassic Park,1993,1993-06-11,7.96,16918,920100000,63000000,127
The Way He Looks,2014,2014-04-10,8.0,954,1207841,0,96
Up,2009,2009-05-28,7.958,20778,735099082,175000000,96
Tel chi el telùn,1999,1999-05-12,7.957,327,0,0,120
Sanjuro,1962,1962-01-01,7.955,649,0,0,96
Mirror,1975,1975-03-07,7.955,1007,124367,825000,107
Million Dollar Baby,2004,2004-12-05,7.955,9879,216763646,30000000,132
The Treasure of the Sierra Madre,1948,1948-01-15,7.954,1250,4307000,3800000,126
Aliens,1986,1986-07-18,7.954,10195,183316455,18500000,137
A Man Escaped,1956,1956-11-11,7.952,566,0,0,101
Whisper of the Heart,1995,1995-07-15,7.951,2110,0,0,111
The Sixth Sense,1999,1999-08-06,7.951,12125,672800000,40000000,107
Pink Floyd: The Wall,1982,1982-07-14,7.95,1541,22244207,12000000,95
The Iron Giant,1999,1999-08-06,8.0,5808,23300000,50000000,86
Nausicaä of the Valley of the Wind,1984,1984-03-11,7.951,3771,9016411,1000000,117
Monster,2023,2023-06-02,7.948,716,0,0,125
Ordet,1955,1955-01-09,7.9,384,0,0,125
Ne Zha,2019,2019-07-26,7.947,559,742718496,22000000,110
The Exterminating Angel,1962,1962-05-16,7.947,693,0,0,93
Castaway on the Moon,2009,2009-05-14,7.947,696,0,0,119
No Country for Old Men,2007,2007-06-13,7.947,12472,171627166,25000000,122
The Boy and the Beast,2015,2015-07-11,7.946,1520,49714378,0,119
The Great Escape,1963,1963-07-03,7.946,2653,11700000,4000000,173
Where Is The Friend's House?,1987,1987-07-01,7.9,385,0,0,83
Braveheart,1995,1995-05-24,7.943,10482,213216216,72000000,177
Spider-Man: No Way Home,2021,2021-12-15,7.9,20896,1921847111,200000000,148
Rope,1948,1948-03-11,7.943,2820,2200000,1500000,81
Farewell My Concubine,1993,1993-01-01,7.942,611,6400000,4000000,171
The General,1926,1926-12-25,7.9,1315,1000000,750000,79
Akira,1988,1988-06-10,7.941,4447,49000000,5700000,124
Blade Runner,1982,1982-06-25,7.941,14231,41722424,28000000,118
12 Years a Slave,2013,2013-10-18,7.938,11500,187000000,20000000,134
Flamin' Hot,2023,2023-03-11,7.937,726,0,0,99
The Circus,1928,1928-01-06,7.937,825,0,9000000,72
Guardians of the Galaxy Vol. 3,2023,2023-05-03,7.936,7469,845600000,250000000,150
When Marnie Was There,2014,2014-07-19,7.9,1857,34949567,0,103
Close-Up,1990,1990-05-09,7.936,408,0,0,98
Miraculous World: Shanghai - The Legend of Ladydragon,2021,2021-05-15,7.9,665,0,0,54
Don't Look Now... We're Being Shot At!,1966,1966-12-08,7.933,1394,0,0,132
The Cure,1995,1995-04-21,7.933,321,2568235,0,97
Me Before You,2016,2016-06-01,7.931,12718,207945075,20000000,110
Miracle in Cell No. 7,2013,2013-01-23,7.931,456,80300000,0,127
The Postman,1994,1994-04-07,7.9,1165,33000000,3000000,109
The Cabinet of Dr. Caligari,1920,1920-02-27,7.93,1661,8811,18000,77
It's Such a Beautiful Day,2012,2012-08-24,7.9,346,0,0,62
Raise the Red Lantern,1991,1991-12-18,7.929,742,16600000,1000000,125
Ghost in the Shell,1995,1995-11-18,7.929,3582,10000000,3000000,83
Gone with the Wind,1939,1939-12-15,7.928,4159,402352579,4000000,233
Ivan Vasilyevich Changes His Profession,1973,1973-09-17,7.9,373,0,0,93
Freedom Writers,2007,2007-01-05,7.928,2315,43095175,21000000,123
"Batman: The Dark Knight Returns, Part 2",2013,2013-01-03,7.927,1530,0,3500000,78
Dersu Uzala,1975,1975-08-02,7.9,571,0,4000000,141
Raiders of the Lost Ark,1981,1981-06-12,7.925,12944,389925971,18000000,115
Nobody,2021,2021-03-18,7.924,7486,57512470,16000000,91
Raging Bull,1980,1980-11-14,7.924,4471,23380203,18000000,129
Suzume,2022,2022-11-11,7.9,1507,323638107,0,121
The Third Man,1949,1949-08-31,7.921,1964,1226098,0,105
Heat,1995,1995-12-15,7.921,7684,187400000,60000000,170
Dallas Buyers Club,2013,2013-11-01,7.9,8669,55736588,5000000,117
Tokyo Godfathers,2003,2003-12-05,7.92,1363,148355,0,92
Diabolique,1955,1955-01-29,7.92,1023,0,0,117
CODA,2021,2021-08-13,7.918,2360,1905058,10000000,112
Chinatown,1974,1974-06-20,7.918,3979,30000000,6000000,130
Where Hands Touch,2018,2018-09-14,7.917,521,128269,0,122
Children of Heaven,1997,1997-08-01,7.916,661,925402,180000,88
Throne of Blood,1957,1957-01-15,7.9,907,13422,0,108
About Time,2013,2013-09-04,7.913,8799,87100449,12000000,123
What Ever Happened to Baby Jane?,1962,1962-10-31,7.914,1091,0,980000,135
Amélie,2001,2001-04-25,7.914,11844,173921954,10000000,122
Unforgiven,1992,1992-08-07,7.913,4620,159157447,14400000,130
Simone: Woman of the Century,2022,2022-10-12,7.913,358,0,0,140
We Are the Nobles,2013,2013-03-28,7.913,514,26433651,2000000,108
A Trip to the Moon,1902,1902-06-15,7.913,1862,0,5985,15
Inside Out,2015,2015-06-17,7.912,22609,857611174,175000000,95
STRAW,2025,2025-06-05,7.911,735,0,0,105
Yi Yi,2000,2000-09-20,7.9,571,0,0,174
La Maison en Petits Cubes,2008,2008-06-10,7.911,437,0,0,12
The Cranes Are Flying,1957,1957-10-12,7.91,410,0,0,97
Divorce Italian Style,1961,1961-12-20,7.91,490,0,0,104
La Strada,1954,1954-09-23,7.91,1104,0,0,115
Three Colors: Red,1994,1994-05-12,7.9,1452,4127033,0,100
A Street Cat Named Bob,2016,2016-11-04,7.909,1480,17900000,8000000,103
Death Note Relight 1: Visions of a God,2009,2009-09-23,7.909,362,0,0,131
Cries and Whispers,1972,1972-12-21,7.909,726,0,400000,95
Army of Shadows,1969,1969-09-10,7.908,685,906133,0,145
Amarcord,1973,1973-12-18,7.907,1143,0,0,123
Mulan,1998,1998-06-18,7.906,10008,304320254,90000000,88
Titanic,1997,1997-11-18,7.906,26135,2264162353,200000000,194
Guardians of the Galaxy,2014,2014-07-30,7.905,28659,772776600,170000000,121
Faust,1926,1926-10-13,7.905,370,0,0,116
Return of the Jedi,1983,1983-05-25,7.905,16176,572700000,32350000,132
A Whisker Away,2020,2020-06-18,7.904,1424,0,0,104
I'm No Longer Here,2019,2019-10-21,7.904,502,0,849080,112
Forgotten,2017,2017-11-29,7.904,1195,9968972,0,108
Limelight,1952,1952-10-23,7.904,552,1000000,900000,137
Harry Potter and the Philosopher's Stone,2001,2001-11-16,7.903,28388,976475550,125000000,152
In the Name of the Father,1993,1993-12-12,7.902,1827,65796862,13000000,133
My Father's Violin,2022,2022-01-21,7.901,334,0,0,112
Dragon Ball Super: Broly,2018,2018-12-14,7.902,3003,125002821,1000000,99
"No manches, Frida 2: paraíso destruido",2019,2019-03-15,7.9,919,26500000,5000000,102
La La Land,2016,2016-12-01,7.9,17368,509183536,30000000,129
V for Vendetta,2006,2006-02-23,7.899,14881,134686457,54000000,132
In This Corner of the World,2016,2016-11-12,7.898,576,19496308,0,130
On the Waterfront,1954,1954-06-22,7.898,1649,960000,910000,108
How to Train Your Dragon,2025,2025-06-06,7.9,641,560773000,150000000,125
My Hero Academia: Two Heroes,2018,2018-08-03,7.899,1048,27507549,12000000,96
The Boy Who Harnessed the Wind,2019,2019-02-14,7.897,1740,0,0,113
Rebecca,1940,1940-03-23,7.897,1842,7592465,1288000,130
Coraline,2009,2009-02-05,7.896,8451,185860104,60000000,100
Captain Fantastic,2016,2016-07-08,7.895,6555,23123592,5000000,118
Winter Light,1963,1963-02-11,7.894,467,0,0,80
Dragon Ball Super: Super Hero,2022,2022-06-11,7.9,2906,86600000,0,99
Dangal,2016,2016-12-21,7.892,1050,311000000,10400000,161
Dogman,2023,2023-09-27,7.9,1219,4082217,22700000,115
Sword Art Online the Movie – Progressive – Aria of a Starless Night,2021,2021-10-30,7.891,302,14037060,0,97
The Notebook,2004,2004-05-25,7.891,11973,115600000,29000000,123
The Pursuit of Happyness,2006,2006-12-14,7.891,10123,307077295,55000000,117
Wish Dragon,2021,2021-01-15,7.89,1393,25860000,0,99
Gone Girl,2014,2014-10-01,7.89,19105,370890259,61000000,149
Persepolis,2007,2007-06-27,7.89,2017,0,7300000,95
Ben-Hur,1959,1959-11-18,7.888,2916,164000000,15000000,222
Young Woman and the Sea,2024,2024-05-31,7.892,357,581725,40000000,129
Justice League: The Flashpoint Paradox,2013,2013-07-30,7.888,1878,0,3500000,75
Ron's Gone Wrong,2021,2021-10-14,7.887,1919,60692022,0,107
Regular Show: The Movie,2015,2015-09-01,7.887,402,0,3000000,69
A Separation,2011,2011-02-15,7.887,1817,24426169,5000000,123
Umberto D.,1952,1952-01-20,7.887,706,71461,0,91
"Remi, Nobody's Boy",2018,2018-12-12,7.9,435,7434840,0,109
Bad Genius,2017,2017-05-03,7.885,801,42350000,1839169,130
El Infierno,2010,2010-09-03,7.883,711,6703873,0,148
Roman Holiday,1953,1953-08-26,7.883,2125,12000000,1500000,119
An Egg Rescue,2021,2021-08-12,7.9,412,4093345,6400000,89
The Witch: Part 1. The Subversion,2018,2018-06-27,7.882,642,24340302,5500000,125
The Mitchells vs. the Machines,2021,2021-04-22,7.881,3089,0,75000000,110
Teen Titans: Trouble in Tokyo,2006,2006-09-15,7.878,434,0,0,75
The Miracle Worker,1962,1962-05-23,7.878,315,2500000,500000,106
Pather Panchali,1955,1955-08-26,7.877,446,536364,0,125
A Bronx Tale,1993,1993-10-01,7.877,2635,17287898,22000000,121
The Greatest Showman,2017,2017-12-20,7.876,9665,459066134,84000000,105
Thirteen Lives,2022,2022-07-18,7.875,1345,0,55000000,147
Mamma Roma,1962,1962-09-22,7.875,416,0,0,110
The Battle of Algiers,1966,1966-09-08,7.9,815,964028,800000,121
Kill Bill: Vol. 2,2004,2004-04-16,7.875,14322,152159461,30000000,136
Mary and Max,2009,2009-04-09,7.874,2088,1740429,8240000,92
Werckmeister Harmonies,2001,2001-02-01,7.9,346,64974,0,139
Paper Moon,1973,1973-05-09,7.9,757,30900000,2500000,102
Let Go,2024,2024-11-01,7.871,334,0,0,110
Scooby-Doo! Camp Scare,2010,2010-09-14,7.9,310,0,0,72
The Night of the Hunter,1955,1955-07-27,7.871,1685,0,795000,93
Young Frankenstein,1974,1974-12-15,7.871,3218,86273333,2800000,106
La Jetée,1962,1962-02-16,7.871,933,0,0,29
Nimona,2023,2023-06-23,7.869,1211,0,0,101
Vincent,1982,1982-10-01,7.869,875,0,60000,6
My Way,2011,2011-12-21,7.868,413,16653488,25500000,137
Dancer in the Dark,2000,2000-09-01,7.9,1876,40061153,12500000,140
Little Women,2019,2019-12-25,7.9,6481,216600000,40000000,135
Wild Tales,2014,2014-08-21,7.866,3519,31478893,4000000,122
Sing Street,2016,2016-03-11,7.863,2338,13624522,4000000,105
Perfect Strangers,2016,2016-02-11,7.862,4467,32207491,0,97
Ace in the Hole,1951,1951-06-29,7.862,696,1300000,1821052,111
Tampopo,1985,1985-11-23,7.861,385,0,1500000,115
Just Mercy,2019,2019-12-25,7.858,2344,50401502,25000000,137
Forgotten Love,2023,2023-09-26,7.9,311,0,0,140
Grand Illusion,1937,1937-06-04,7.857,726,172885,0,114
Downfall,2004,2004-09-16,7.9,4013,92181574,16000000,155
Stand by Me,1986,1986-08-08,7.855,6106,52300000,8000000,89
A Beautiful Mind,2001,2001-12-14,7.855,10529,316791257,58000000,135
Fargo,1996,1996-03-08,7.853,8458,60611975,7000000,98
Anatomy of a Murder,1959,1959-07-01,7.853,1058,8000000,2000000,161
Isle of Dogs,2018,2018-03-23,7.851,5063,64337744,62770198,101
Indiana Jones and the Last Crusade,1989,1989-05-24,7.851,10503,474171806,48000000,127
We Bare Bears: The Movie,2020,2020-06-30,7.85,825,0,0,69
Shoplifters,2018,2018-06-02,7.85,2146,0,0,120
Mr. Smith Goes to Washington,1939,1939-10-19,7.85,1100,9600000,1500000,129
Sing 2,2021,2021-12-01,7.849,4565,408402685,85000000,109
Her,2013,2013-12-18,7.849,14622,47351251,23000000,126
The Virgin Spring,1960,1960-02-08,7.8,630,700000,0,90
How to Train Your Dragon,2010,2010-03-18,7.849,13593,495141736,165000000,98
Sherlock: The Abominable Bride,2016,2016-01-01,7.847,2281,0,0,90
Finch,2021,2021-11-04,7.846,3693,0,2500000,115
War Room,2015,2015-08-28,7.845,548,73267874,3000000,120
Warrior,2011,2011-09-09,7.8,4737,23300000,25000000,140
"Monsters, Inc.",2001,2001-11-01,7.845,18953,579700000,115000000,92
Dances with Wolves,1990,1990-03-30,7.845,4409,424208848,22000000,181
Departures,2008,2008-09-13,7.8,861,69932387,0,130
Dog Day Afternoon,1975,1975-09-21,7.844,3102,46665856,1800000,125
Knives Out,2019,2019-11-27,7.8,12956,312897920,40000000,131
The Theory of Everything,2014,2014-11-07,7.843,10761,123726688,15000000,123
The Cameraman,1928,1928-09-10,7.843,400,0,0,74
"The Gangster, the Cop, the Devil",2019,2019-05-15,7.8,1294,25775371,6500000,110
See You Up There,2017,2017-10-25,7.842,1304,15100000,23000000,113
Mulholland Dr.,1999,1999-01-01,7.8,507,0,0,88
Millennium Actress,2002,2002-09-14,7.841,917,37641,0,87
Redeeming Love,2022,2022-01-21,7.839,632,9464198,30000000,134
Charm City Kings,2020,2020-01-27,7.839,483,0,0,125
Feast,2014,2014-10-25,7.839,870,0,0,6
Argentina 1985,2022,2022-09-29,7.837,670,58424000,20000000,141
The Big Lebowski,1998,1998-03-06,7.8,11573,47010480,15000000,117
Sunrise: A Song of Two Humans,1927,1927-11-04,7.836,840,1636000,0,94
To Be or Not to Be,1942,1942-03-06,7.836,775,1500000,1200000,99
The Nightmare Before Christmas,1993,1993-10-09,7.835,9816,75634409,18000000,76
The Shadow in My Eye,2021,2021-10-28,7.8,518,0,0,107
No Game No Life: Zero,2017,2017-07-15,7.834,409,6356284,0,106
Two Women,1960,1960-12-22,7.834,548,0,0,100
Carlito's Way,1993,1993-11-10,7.833,3276,63848322,30000000,144
A Fistful of Dollars,1964,1964-09-12,7.833,4435,14500000,200000,99
Raya and the Last Dragon,2021,2021-03-03,7.832,6976,130423032,100000000,107
It Happened One Night,1934,1934-02-22,7.832,1309,4500000,325000,105
Lisbela and the Prisoner,2003,2003-08-22,7.8,391,0,0,106
Papillon,1973,1973-12-16,7.831,1980,53267000,12000000,151
Elite Squad: The Enemy Within,2010,2010-10-08,7.829,1920,63027681,0,115
Fantozzi: White Collar Blues,1975,1975-03-27,7.829,837,0,0,108
Invisible Life,2019,2019-08-30,7.829,321,0,0,140
The Marquis of Grillo,1981,1981-12-23,7.829,478,7283223,0,139
Ratatouille,2007,2007-06-28,7.83,17622,623726000,150000000,111
Joint Security Area,2000,2000-09-09,7.828,746,0,12500000,108
La luna,2012,2012-02-10,7.827,813,0,0,7
Kiki's Delivery Service,1989,1989-07-29,7.827,4267,4493017,6900000,103
The Boy in the Striped Pyjamas,2008,2008-05-07,7.827,7355,20416563,12500000,94
Close to the Horizon,2019,2019-10-10,7.825,493,0,0,117
The Breadwinner,2017,2017-11-17,7.825,864,312381,0,94
Rosemary's Baby,1968,1968-06-12,7.825,4074,33395426,3200000,138
The Grapes of Wrath,1940,1940-03-15,7.824,1032,1591000,800000,129
Ivan's Childhood,1962,1962-05-09,7.823,770,0,0,95
3-Iron,2004,2004-10-15,7.823,1186,3403957,0,88
A Bag of Marbles,2017,2017-01-18,7.821,868,10898998,21400000,113
Logan,2017,2017-02-28,7.821,19697,619021436,97000000,137
Kagemusha,1980,1980-04-26,7.821,681,4000000,6000000,180
"Love, Rosie",2014,2014-10-16,7.82,6325,4439431,0,102
The Best Offer,2013,2013-01-01,7.819,2908,19255873,13500000,131
The Working Class Goes to Heaven,1971,1971-09-17,7.819,360,0,0,113
Infernal Affairs,2002,2002-12-12,7.817,1714,8836958,6400000,100
Finding Nemo,2003,2003-05-30,7.817,19758,940335536,94000000,100
Rio Bravo,1959,1959-03-18,7.816,1197,5750000,1200000,141
Midnight Sun,2018,2018-03-22,7.816,3484,27365467,2800000,91
Spotlight,2015,2015-11-06,7.815,8421,98690254,20000000,129
Network,1976,1976-11-14,7.8,1847,23700000,3800000,122
Us Again,2021,2021-03-03,7.814,334,0,0,7
World of Tomorrow,2015,2015-01-22,7.814,339,0,0,17
Snatch,2000,2000-09-01,7.814,9375,83557872,10000000,103
Io Capitano,2023,2023-09-07,7.813,756,0,13272819,121
The Phantom Carriage,1921,1921-01-01,7.813,332,0,0,106
The Bridge on the River Kwai,1957,1957-10-11,7.813,2205,44908000,3000000,161
The Whale,2022,2022-12-09,7.812,4216,55101305,3000000,117
Paprika,2006,2006-10-01,7.811,2605,946590,0,90
Fail Safe,1964,1964-10-07,7.811,424,0,0,112
Pirates of the Caribbean: The Curse of the Black Pearl,2003,2003-07-09,7.812,21247,655011224,140000000,143
Tod@s Caen,2019,2019-08-30,7.81,478,0,0,120
Temple Grandin,2010,2010-02-06,7.81,496,0,0,108
Fantastic Mr. Fox,2009,2009-10-14,7.81,5676,46471023,40000000,87
Mulholland Drive,2001,2001-06-06,7.809,6569,20289986,15000000,147
Mr. Nobody,2009,2009-11-06,7.808,5963,2331721,47000000,141
1900,1976,1976-08-28,7.808,652,0,9000000,316
Before Sunset,2004,2004-06-16,7.8,3516,15992615,2700000,80
The Wrong Trousers,1993,1993-12-17,7.807,1075,0,0,30
The Man Who Shot Liberty Valance,1962,1962-04-13,7.806,1206,8000000,3200000,123
One Hundred Steps,2000,2000-09-01,7.805,696,1805884,0,114
Gifted Hands: The Ben Carson Story,2009,2009-02-07,7.805,728,0,0,86
A Moment to Remember,2004,2004-11-05,7.804,334,0,4200000,117
Monty Python and the Holy Grail,1975,1975-04-03,7.803,6025,5763644,400000,91
"Spring, Summer, Fall, Winter... and Spring",2003,2003-09-19,7.803,1109,8945072,0,103
The Specials,2019,2019-10-23,7.802,945,0,0,114
Luca,2021,2021-06-17,7.802,8582,51074773,200000000,95
A Woman Under the Influence,1974,1974-11-18,7.8,522,12200000,1000000,155
Land of Mine,2015,2015-12-03,7.801,1407,0,5070773,100
Evangelion: 2.0 You Can (Not) Advance,2009,2009-06-26,7.801,915,44339362,10000000,112
Porco Rosso,1992,1992-07-18,7.8,3453,44600000,9200000,93
Toy Story 3,2010,2010-06-16,7.8,15042,1067316101,200000000,103
Nostalgia,1983,1983-06-02,7.801,565,311708,875000,124
Die Hard,1988,1988-07-15,7.801,11570,140767956,28000000,132
L.A. Confidential,1997,1997-09-19,7.8,5165,126216940,35000000,138
Harry Potter and the Goblet of Fire,2005,2005-11-16,7.8,21283,895921036,150000000,157
My Fault,2023,2023-06-08,7.798,3737,0,0,117
Mishima: A Life in Four Chapters,1985,1985-09-20,7.799,308,502758,5000000,121
Letter from an Unknown Woman,1948,1948-04-28,7.799,319,0,0,87
I Saw the Devil,2010,2010-08-12,7.8,2741,12966357,6000000,142
Into the Wild,2007,2007-09-21,7.798,9726,56255142,15000000,148
The Perks of Being a Wallflower,2012,2012-09-20,7.8,10720,33384127,13000000,103
One Life,2023,2023-12-21,7.796,823,51437352,0,109
All My Life,2020,2020-10-23,7.796,500,2000000,25000000,93
Freaks,1932,1932-01-01,7.796,1227,0,310607,66
My Life as a Zucchini,2016,2016-09-22,7.8,1405,5873256,8000000,66
Whiplash,2013,2013-01-18,7.794,379,0,0,18
Close,2022,2022-11-01,7.793,888,3129968,0,104
Rocky,1976,1976-11-20,7.793,8143,225253184,1000000,120
The Best Years of Our Lives,1946,1946-12-25,7.792,687,23650000,2100000,171
Solaris,1972,1972-03-20,7.791,1687,0,0,167
Forbidden Games,1952,1952-05-09,7.79,324,10188,0,87
Don't Be Bad,2015,2015-09-08,7.789,989,0,0,100
Bajrangi Bhaijaan,2015,2015-07-17,7.789,502,150000000,13000000,159
A Movie of Eggs,2006,2006-04-21,7.789,306,7144638,800000,90
The Last Laugh,1924,1924-12-23,7.789,323,0,0,90
Rififi,1955,1955-04-13,7.789,590,460000,200000,118
Straight Outta Compton,2015,2015-08-11,7.788,4005,201634991,28000000,147
Presto,2008,2008-06-27,7.788,1019,0,0,5
Scent of a Woman,1992,1992-12-23,7.787,3612,134100000,31000000,156
Words on Bathroom Walls,2020,2020-08-21,7.787,630,3151849,8000000,111
Interstella 5555: The 5tory of the 5ecret 5tar 5ystem,2003,2003-05-28,7.787,488,6664789,4000000,65
Brokeback Mountain,2005,2005-10-22,7.786,7207,178043761,14000000,134
The Wind Rises,2013,2013-07-20,7.787,3148,117932401,30000000,126
The Dark Knight Rises,2012,2012-07-17,7.786,23346,1081041287,250000000,165
Z,1969,1969-02-26,7.786,571,83305,0,127
A Short Film About Love,1988,1988-08-21,7.785,384,0,0,87
Dune,2021,2021-09-15,7.783,13706,407573628,165000000,155
The Girl Who Leapt Through Time,2006,2006-07-15,7.782,2094,3478290,0,98
The King of Comedy,1982,1982-12-18,7.783,2403,2536000,19000000,109
The Twilight Samurai,2002,2002-11-02,7.8,329,7372769,5000000,129
Wings of Desire,1987,1987-09-23,7.779,1390,3210139,2500000,128
Polisse,2011,2011-10-06,7.778,1255,20374201,0,123
Awakenings,1990,1990-12-04,7.777,2652,52096475,31000000,120
Fanny and Alexander,1982,1982-12-17,7.8,809,6800000,6000000,188
Day for Night,1973,1973-05-24,7.777,617,850000,700000,116
Back to the Future Part II,1989,1989-11-22,7.775,13248,332000000,40000000,108
Emancipation,2022,2022-12-02,7.8,1170,0,0,132
The Avengers,2012,2012-04-25,7.775,32349,1518815515,220000000,143
Nine Queens,2000,2000-08-31,7.773,748,12413888,1300000,114
The Ten Commandments,1956,1956-10-05,7.772,1721,122700000,13000000,220
Luck,2022,2022-08-05,7.771,1813,0,0,105
The Dinner Game,1998,1998-04-15,7.771,1970,78599508,12500000,80
Dogville,2003,2003-05-21,7.771,2519,16690617,10000000,178
Donnie Darko,2001,2001-01-19,7.771,12801,7500000,4500000,114
Still Walking,2008,2008-06-28,7.77,395,3511120,0,114
The First Slam Dunk,2022,2022-12-03,7.768,466,258000000,0,125
Ali: Fear Eats the Soul,1974,1974-03-05,7.768,422,186757,130000,93
The Summit of the Gods,2021,2021-09-22,7.767,374,1756552,9850000,95
Short Term 12,2013,2013-08-23,7.767,1334,1645164,1000000,97
In the Arms of an Assassin,2019,2019-12-06,7.766,426,425332,0,101
The King and the Mockingbird,1980,1980-03-19,7.765,387,0,0,83
Through a Glass Darkly,1961,1961-10-16,7.8,507,8939,0,91
PlayTime,1967,1967-12-13,7.763,603,0,0,115
Better Man,2024,2024-12-06,7.759,588,22541033,110000000,135
Never Look Away,2018,2018-10-03,7.8,704,4831836,0,189
Touch of Evil,1958,1958-03-30,7.761,1494,2247500,829000,111
Perfect Days,2023,2023-11-10,7.761,1521,24094016,14000000,124
A Man Called Otto,2022,2022-12-28,7.762,3178,108961677,50000000,126
Let the Bullets Fly,2010,2010-12-20,7.76,311,104731450,0,132
Do the Right Thing,1989,1989-06-14,7.76,1856,37300000,6500000,120
Life of Brian,1979,1979-08-17,7.76,4602,20833252,4000000,94
Instructions Not Included,2013,2013-07-20,7.759,922,99067206,5500000,122
A Walk to Remember,2002,2002-01-25,7.8,4118,47494916,11800000,101
Le Samouraï,1967,1967-10-25,7.759,1160,215245,0,105
Big Fish,2003,2003-12-25,7.759,7395,123200000,70000000,125
Ip Man,2008,2008-12-12,7.758,3883,22100000,11700000,106
God's Own Country,2017,2017-08-31,7.757,937,2559939,0,105
The Untouchables,1987,1987-06-03,7.757,5858,76270454,25000000,119
Everything Everywhere All at Once,2022,2022-03-24,7.756,7135,139200000,25000000,140
Angel's Egg,1985,1985-12-22,7.8,446,0,0,71
The Hateful Eight,2015,2015-12-25,7.755,14590,155760117,44000000,188
Amour,2012,2012-09-20,7.755,1673,29800000,8900000,127
The Heist of the Century,2020,2020-01-16,7.8,812,7627100,0,114
Ernest & Celestine,2012,2012-12-12,7.754,635,8170333,12500000,79
A Matter of Life and Death,1946,1946-12-15,7.754,433,0,0,104
Shelter,2007,2007-06-16,7.8,483,142666,500000,89
The Chaser,2008,2008-02-14,7.753,1399,0,2600000,125
Pan's Labyrinth,2006,2006-10-11,7.754,10873,83258226,19000000,118
Rain Man,1988,1988-12-12,7.754,6626,354825435,25000000,134
All Quiet on the Western Front,1930,1930-04-29,7.754,850,3270000,1448864,133
Gran Turismo,2023,2023-08-09,7.8,3026,121700000,60000000,135
The Color Purple,1985,1985-12-18,7.753,1852,146300000,15000000,154
Shrek,2001,2001-05-18,7.754,17806,488628188,60000000,90
RRR,2022,2022-03-24,7.752,1428,160000000,69000000,185
Train to Busan,2016,2016-07-20,7.752,7847,87547518,8500000,118
How to Train Your Dragon: The Hidden World,2019,2019-01-03,7.752,6703,539987993,129000000,104
Partly Cloudy,2009,2009-05-28,7.751,1055,0,0,5
Ninja Scroll,1993,1993-06-05,7.749,679,0,0,94
Guy Ritchie's The Covenant,2023,2023-04-19,7.749,2796,21948551,55000000,123
Zootopia,2016,2016-02-11,7.749,16780,1023784195,150000000,109
The Normal Heart,2014,2014-05-25,7.749,889,0,0,133
Accattone,1961,1961-09-25,7.749,487,0,0,117
Ponyo,2008,2008-07-19,7.749,4488,202404009,34000000,100
My Mom Is a Character,2013,2013-06-21,7.748,665,20552094,2000000,85
The Leopard,1963,1963-03-27,7.748,874,0,0,186
Crooks in Clover,1963,1963-11-27,7.747,522,0,0,111
Notorious,1946,1946-08-21,7.747,1650,24500000,2000000,103
Misery,1990,1990-11-30,7.746,4842,61300000,20000000,107
Platoon,1986,1986-12-19,7.746,4750,138530565,6000000,120
Mystic River,2003,2003-10-07,7.746,6952,156800000,25000000,138
Batman: Under the Red Hood,2010,2010-07-27,7.745,1644,6629178,0,75
Nothing Left to Do But Cry,1984,1984-12-20,7.745,1148,0,0,107
Harry Potter and the Deathly Hallows: Part 1,2010,2010-11-17,7.742,19591,954305868,250000000,146
Deep Red,1975,1975-03-07,7.739,1506,2900000,0,127
Rurouni Kenshin: The Final,2021,2021-04-23,7.7,503,33457923,0,138
Don't Blame the Kid,2016,2016-05-13,7.739,651,0,0,113
Annie Hall,1977,1977-04-19,7.739,4016,43989445,4000000,93
Two Is a Family,2016,2016-12-07,7.738,2999,1447740,0,118
Mustang,2015,2015-06-17,7.738,1398,5300000,1300000,97
Underground,1995,1995-05-13,7.738,704,0,14000000,170
Past Lives,2023,2023-06-02,7.737,1955,28126646,12000000,106
Hustle,2022,2022-06-03,7.735,2652,0,21000000,117
"Batman: The Dark Knight Returns, Part 1",2012,2012-08-21,7.735,1644,0,3500000,76
The Red Balloon,1956,1956-08-24,7.735,409,48980,0,34
The King's Speech,2010,2010-11-26,7.734,8920,414211549,15000000,118
The Sound of Music,1965,1965-03-29,7.731,3402,286214286,8200000,174
The Exorcist,1973,1973-12-26,7.733,8196,441306145,12000000,122
Marriage Story,2019,2019-09-28,7.733,7114,2300000,18000000,137
Slumdog Millionaire,2008,2008-11-12,7.732,10826,378400000,15000000,120
Beauty and the Beast,1991,1991-10-22,7.732,10214,424967620,25000000,84
The Breakfast Club,1985,1985-02-15,7.732,8191,51525171,1000000,98
Selena,1997,1997-03-21,7.7,1254,60000000,20000000,127
Cool Hand Luke,1967,1967-11-01,7.7,1492,16217773,3200000,127
The Chorus,2004,2004-03-17,7.729,2486,83600000,5300000,97
Magnolia,1999,1999-12-17,7.73,3695,48500000,37000000,189
Marriage Italian Style,1964,1964-12-18,7.729,520,12800000,0,102
All Quiet on the Western Front,2022,2022-10-07,7.729,4221,0,20000000,147
Safety Last!,1923,1923-04-01,7.729,537,1500000,121000,73
White Snake,2019,2019-01-11,7.728,509,62098770,11936735,99
Big Hero 6,2014,2014-10-24,7.728,15979,657870525,165000000,102
Three Steps Above Heaven,2010,2010-12-03,7.728,3128,0,0,122
L'Eclisse,1962,1962-04-13,7.728,504,0,0,126
Rush,2013,2013-09-02,7.727,7387,90200000,38000000,123
Vivre Sa Vie,1962,1962-09-20,7.727,667,24517,64000,84
The Promised Land,2023,2023-10-05,7.727,437,2246680,8500000,127
Red Shoes and the Seven Dwarfs,2019,2019-07-25,7.7,1102,10054356,20000000,92
The Blues Brothers,1980,1980-06-16,7.726,4334,115229890,27000000,133
Who's Afraid of Virginia Woolf?,1966,1966-06-22,7.726,859,33736689,7500000,131
The Celebration,1998,1998-06-19,7.726,1154,0,1300000,105
John Wick: Chapter 4,2023,2023-03-22,7.725,7209,440157245,100000000,170
Straight Outta Nowhere: Scooby-Doo! Meets Courage the Cowardly Dog,2021,2021-09-14,7.724,391,0,0,72
The Seven Deadly Sins: Cursed by Light,2021,2021-07-02,7.723,494,1094673,0,79
The Gorge,2025,2025-02-13,7.721,2797,0,70000000,127
Manhattan,1979,1979-04-25,7.721,2485,40194067,9000000,96
Kwaidan,1965,1965-01-06,7.72,409,0,0,183
The Straight Story,1999,1999-10-15,7.7,1656,6418028,10000000,112
Sword Art Online: The Movie – Ordinal Scale,2017,2017-02-18,7.719,699,29322339,0,119
Cowboy Bebop: The Movie,2001,2001-09-01,7.718,958,0,0,115
Philadelphia,1993,1993-12-22,7.718,4380,206678440,26000000,126
Edward Scissorhands,1990,1990-12-07,7.718,13213,86024005,20000000,105
The Bridges of Madison County,1995,1995-06-02,7.717,2229,182000000,24000000,135
"I, Daniel Blake",2016,2016-10-21,7.716,1456,15793051,0,100
Rurouni Kenshin Part III: The Legend Ends,2014,2014-09-13,7.716,519,0,0,135
Hotel Rwanda,2004,2004-12-22,7.715,2948,38000000,17500000,121
Mother,2009,2009-05-28,7.714,1562,17112713,5000000,129
The Incredibles,2004,2004-10-27,7.714,18100,631442092,92000000,115
Batman Begins,2005,2005-06-10,7.714,21587,374218673,150000000,140
The Children's Hour,1961,1961-12-19,7.7,368,3000000,3600000,108
My Night at Maud's,1969,1969-06-04,7.712,332,0,0,110
Sound of Metal,2020,2020-11-20,7.711,2635,516520,0,120
Fiddler on the Roof,1971,1971-11-03,7.711,596,83304330,9000000,181
The Ox-Bow Incident,1943,1943-03-11,7.711,402,0,565000,76
BPM (Beats per Minute),2017,2017-08-23,7.71,1353,7632420,6600000,143
PK,2014,2014-12-18,7.71,1045,118920000,13000000,153
The Maltese Falcon,1941,1941-10-18,7.7,1758,1772000,375000,100
Holding the Man,2015,2015-08-27,7.7,450,0,0,128
Harry Potter and the Chamber of Secrets,2002,2002-11-13,7.708,22651,876688482,100000000,161
Day & Night,2010,2010-06-17,7.707,910,0,0,6
Pride,2014,2014-09-12,7.706,1348,16700000,0,120
Brief Encounter,1945,1945-11-24,7.7,651,0,0,86
Nightcrawler,2014,2014-10-23,7.705,11111,47425835,8500000,118
Alice in the Cities,1974,1974-05-17,7.705,314,0,0,110
Fried Green Tomatoes,1991,1991-12-27,7.705,1396,119418501,11000000,130
The Man from Nowhere,2010,2010-08-04,7.703,1372,43059790,1255000,119
Dreams,1990,1990-05-11,7.703,502,2970161,12000000,119
The Searchers,1956,1956-05-16,7.704,1478,0,3750000,119
A Million Miles Away,2023,2023-09-08,7.702,473,0,0,122
My Mom Is a Character 2,2016,2016-12-22,7.702,511,39195565,2000000,96
The Sacrifice,1986,1986-05-09,7.702,560,1095380,0,149
"Duck, You Sucker",1971,1971-10-29,7.7,1114,0,0,157
Knockin' on Heaven's Door,1997,1997-02-20,7.701,539,0,0,88
"Germany, Year Zero",1948,1948-12-01,7.7,393,0,0,72
Jean de Florette,1986,1986-08-27,7.7,581,0,4940939,121
Back to the Outback,2021,2021-12-03,7.699,748,0,0,92
The Broken Circle Breakdown,2012,2012-10-09,7.699,1081,5500000,0,112
Rich in Love,2020,2020-04-30,7.698,621,0,0,104
Stalag 17,1953,1953-05-29,7.698,624,0,1661530,120
Little Eggs: A Frozen Rescue,2022,2022-12-14,7.7,356,0,0,91
Maudie,2016,2016-06-16,7.697,520,6170998,0,115
Monsieur Verdoux,1947,1947-09-26,7.697,439,0,2000000,124
For Love and Gold,1966,1966-04-07,7.697,374,1314230,0,120
Azur & Asmar: The Princes' Quest,2006,2006-10-25,7.696,641,0,0,99
Fireworks,1997,1997-10-30,7.695,722,0,0,103
Little Miss Sunshine,2006,2006-07-26,7.695,7372,100523181,8000000,102
If Anything Happens I Love You,2020,2020-03-07,7.694,939,0,0,12
Cousins,2019,2019-12-10,7.694,338,0,0,83
Embrace of the Serpent,2015,2015-05-25,7.694,474,1320005,1400000,125
Spirit: Stallion of the Cimarron,2002,2002-05-24,7.694,4715,122563539,80000000,83
Divines,2016,2016-08-31,7.693,666,0,2791874,105
Boys,2014,2014-01-08,7.693,706,0,0,78
My Little Pony: A New Generation,2021,2021-09-22,7.692,320,4100000,0,90
Hiroshima Mon Amour,1959,1959-06-10,7.692,852,3193,0,92
Sonic the Hedgehog 3,2024,2024-12-19,7.689,2772,492162604,122000000,110
Onibaba,1964,1964-11-21,7.7,437,0,0,105
Belle,2021,2021-07-16,7.7,785,63501160,0,121
The Martian,2015,2015-09-30,7.69,20271,631058917,108000000,141
The Killer,2022,2022-07-13,7.687,391,595112,0,95
Black Swan,2010,2010-12-03,7.687,14878,329398046,13000000,109
The Princess Bride,1987,1987-09-25,7.687,4756,30900000,16000000,99
Rurouni Kenshin: The Beginning,2021,2021-06-04,7.686,488,0,0,138
Descendants 3,2019,2019-08-02,7.686,1553,0,15000000,106
Sleuth,1972,1972-12-10,7.686,652,5750000,3500000,138
Aftersun,2022,2022-10-21,7.7,1584,7834405,0,101
Prey,2022,2022-08-02,7.685,7105,0,65000000,100
The Trial of the Chicago 7,2020,2020-09-25,7.684,3146,107423,35000000,130
The Gentlemen,2020,2020-01-01,7.684,6127,115171795,22000000,113
"No manches, Frida",2016,2016-09-02,7.684,919,23500000,5000000,100
A Charlie Brown Christmas,1965,1965-12-09,7.7,722,0,96000,25
Kabhi Khushi Kabhie Gham,2001,2001-12-14,7.684,567,0,0,209
Harry Potter and the Half-Blood Prince,2009,2009-07-15,7.684,19973,933959197,250000000,153
Constantine: City of Demons - The Movie,2018,2018-10-04,7.683,616,0,0,90
Cléo from 5 to 7,1962,1962-04-11,7.683,720,0,0,90
The Outlaws,2017,2017-10-03,7.682,472,52946454,5900000,121
Mysterious Skin,2005,2005-03-30,7.7,1144,2148548,3000000,105
Moonrise Kingdom,2012,2012-05-16,7.68,6028,68263166,16000000,94
Fallen Angels,1995,1995-09-06,7.7,1149,0,0,98
Batman and Superman: Battle of the Super Sons,2022,2022-10-17,7.679,315,0,0,80
The Holdovers,2023,2023-10-27,7.677,2042,42513270,13000000,133
The Count of Monte Cristo,2002,2002-01-23,7.678,1871,75395048,35000000,131
Poor Things,2023,2023-12-07,7.7,4821,117607117,35000000,141
Tetris,2023,2023-03-15,7.676,1482,0,0,118
Bacurau,2019,2019-08-29,7.676,1072,3554178,1430000,131
How to Train Your Dragon 2,2014,2014-06-05,7.676,9931,621537519,145000000,102
"Like Father, Like Son",2013,2013-09-24,7.675,748,19978961,0,120
Harry Potter and the Order of the Phoenix,2007,2007-07-08,7.675,19992,938212738,150000000,138
Fireproof,2008,2008-09-26,7.672,798,33473297,500000,118
Free Fall,2013,2013-05-27,7.673,813,599721,0,97
Nosferatu,1922,1922-02-16,7.7,2283,19054,0,95
Jaws,1975,1975-06-20,7.673,10846,470653000,7000000,124
October Sky,1999,1999-02-19,7.672,1296,34698685,25000000,108
Scooby-Doo on Zombie Island,1998,1998-09-22,7.7,786,0,0,77
The Young Girls of Rochefort,1967,1967-03-08,7.672,624,0,0,126
The Hustler,1961,1961-09-25,7.672,1010,7600000,2000000,134
High Noon,1952,1952-06-09,7.672,1492,8000000,730000,85
The Blind Side,2009,2009-11-20,7.671,6517,309231694,29000000,129
Shottas,2002,2002-02-27,7.671,345,0,200000,95
Strangers on a Train,1951,1951-06-27,7.67,1754,7000000,1200000,101
Marcel the Shell with Shoes On,2022,2022-06-24,7.669,622,6909209,6000000,90
The Terminator,1984,1984-10-26,7.669,13716,78371200,6400000,108
Harvey,1950,1950-12-04,7.668,642,0,0,104
Inherit the Wind,1960,1960-07-07,7.667,433,2000000,2000000,128
Charade,1963,1963-12-01,7.7,1438,13475000,4000000,113
Mississippi Burning,1988,1988-12-08,7.666,1780,34604000,15000000,128
The Warriors,1979,1979-02-01,7.666,2231,22490039,4000000,94
What's Eating Gilbert Grape,1993,1993-12-17,7.666,4066,10000000,11000000,118
Brazil,1985,1985-02-20,7.666,3437,9900000,15000000,143
The Woman King,2022,2022-09-16,7.665,2177,97300000,50000000,135
"Black Cat, White Cat",1998,1998-06-01,7.668,766,0,0,127
Onward,2020,2020-02-29,7.664,6308,141940042,200000000,102
The Secret World of Arrietty,2010,2010-07-16,7.663,2949,149660003,23000000,94
The World's Fastest Indian,2005,2005-10-12,7.663,803,18300000,25000000,127
The Killing,1956,1956-06-06,7.7,1594,0,320000,85
Tangerines,2013,2013-10-17,7.662,554,0,0,87
Taste of Cherry,1997,1997-09-28,7.661,632,0,0,99
Fabricated City,2017,2017-02-09,7.66,321,0,0,126
12 Angry Men,1997,1997-08-17,7.66,399,2000000,1750000,117
Cast Away,2000,2000-12-22,7.66,11724,429632142,90000000,143
"Quo Vadis, Aida?",2021,2021-02-26,7.659,428,813253,4750000,104
The Traitor,2019,2019-05-23,7.659,1370,0,0,151
Father There Is Only One,2019,2019-08-02,7.658,740,15894372,3400000,95
Lucky and Zorba,1998,1998-12-22,7.658,618,0,0,75
Memoirs of a Geisha,2005,2005-12-06,7.658,3169,162242962,85000000,146
Primal Fear,1996,1996-03-06,7.658,3563,102600000,30000000,129
The Batman,2022,2022-03-01,7.657,11029,772319315,185000000,177
White Heat,1949,1949-09-02,7.657,501,3483000,1300000,114
Captain America: The Winter Soldier,2014,2014-03-20,7.656,19235,714766572,170000000,136
The Conformist,1970,1970-07-01,7.656,708,233493,750000,108
Ask Me If I'm Happy,2000,2000-12-15,7.654,1678,0,0,100
Aladdin,1992,1992-11-25,7.654,11530,504050219,28000000,92
Cat on a Hot Tin Roof,1958,1958-08-29,7.654,785,17570324,3000000,108
Meshes of the Afternoon,1943,1943-01-01,7.653,404,0,275,14
The Big Heat,1953,1953-10-14,7.653,513,0,0,89
Iron Man,2008,2008-04-30,7.653,27099,585174222,140000000,126
F1,2025,2025-06-25,7.656,747,393395000,200000000,156
Hunt for the Wilderpeople,2016,2016-03-31,7.7,2151,23900000,2500000,101
All the President's Men,1976,1976-04-09,7.7,1902,70600000,8500000,138
Three Colors: Blue,1993,1993-09-08,7.651,1761,1527572,0,98
System Crasher,2019,2019-09-19,7.65,350,0,0,118
Berserk: The Golden Age Arc III - The Advent,2013,2013-02-01,7.65,374,399445,0,110
In the Heat of the Night,1967,1967-08-02,7.65,1151,27379978,2000000,109
Ricky Gervais: Humanity,2018,2018-03-13,7.6,477,0,0,79
Kind Hearts and Coronets,1949,1949-06-21,7.649,570,0,0,104
I Vitelloni,1953,1953-09-17,7.648,700,0,0,103
Fantastic Planet,1973,1973-12-01,7.6,1009,0,0,72
Viridiana,1962,1962-04-01,7.646,525,679244,0,90
Planet of the Apes,1968,1968-02-07,7.646,3700,32589624,5800000,112
Breakthrough,2019,2019-04-10,7.645,1115,49200000,14000000,116
Mickey's Christmas Carol,1983,1983-10-19,7.6,940,21000000,3000000,25
Remember the Titans,2000,2000-09-29,7.644,2761,136700000,30000000,113
Atonement,2007,2007-02-27,7.644,4416,131016624,30000000,123
Time of the Gypsies,1988,1988-12-21,7.643,403,0,0,142
All About My Mother,1999,1999-04-16,7.643,1949,67956089,8272296,101
Laurence Anyways,2012,2012-05-18,7.642,870,0,9500000,168
Geri's Game,1997,1997-11-24,7.642,1160,0,0,4
Breakfast at Tiffany's,1961,1961-10-06,7.642,4285,9500000,2500000,115
Godzilla,1954,1954-11-03,7.6,1030,2250000,900000,96
Arsenic and Old Lace,1944,1944-09-01,7.64,976,0,1120175,118
Corpus Christi,2019,2019-09-10,7.64,559,9943901,1300000,116
All the Bright Places,2020,2020-02-28,7.638,2921,0,0,108
The Seed of the Sacred Fig,2024,2024-09-18,7.639,323,6501810,3000000,167
A Dog's Purpose,2017,2017-01-19,7.637,3406,205000000,22000000,100
The Banker,2020,2020-03-06,7.6,1011,0,0,120
Another Round,2020,2020-09-24,7.636,3476,21700000,5150000,117
Roma,2018,2018-11-21,7.6,3968,1140769,15000000,135
The Graduate,1967,1967-12-21,7.636,3469,104945305,3000000,106
Mediterraneo,1991,1991-02-02,7.635,1019,4532791,0,96
My Policeman,2022,2022-10-20,7.634,725,0,0,113
Dave Chappelle: Sticks & Stones,2019,2019-08-26,7.634,335,0,0,65
The Philadelphia Story,1940,1940-12-05,7.634,900,0,0,113
Andhadhun,2018,2018-10-05,7.634,550,40000000,4500000,139
Vampire Hunter D: Bloodlust,2000,2000-08-25,7.634,713,151086,0,103
Kubo and the Two Strings,2016,2016-08-18,7.632,3646,76249438,60000000,102
The Longest Ride,2015,2015-04-09,7.632,3217,63013281,34000000,128
My Friends Act II,1982,1982-12-22,7.632,348,0,0,130
Boogie Nights,1997,1997-10-10,7.632,3277,43101594,15000000,156
Laura,1944,1944-10-11,7.632,838,2000000,1020000,88
Boyz n the Hood,1991,1991-07-12,7.632,2091,57504069,6500000,112
Edge of Tomorrow,2014,2014-05-27,7.631,14282,370541256,178000000,114
The Lost Weekend,1945,1945-11-29,7.631,623,11000000,1250000,101
The Man from Earth,2007,2007-06-10,7.631,2658,0,200000,87
King Richard,2021,2021-11-18,7.63,2624,39400000,50000000,144
Bad Seeds,2018,2018-11-21,7.63,608,0,0,100
Sniper: The White Raven,2022,2022-05-03,7.629,821,881,1000000,120
A Little Princess,1995,1995-05-10,7.629,991,10000000,17000000,97
Threads,1984,1984-09-23,7.6,341,0,420000,117
Fitzcarraldo,1982,1982-03-02,7.6,806,0,7362000,157
The Kissing Booth 2,2020,2020-07-24,7.628,5047,0,0,132
One Cut of the Dead,2017,2017-11-04,7.6,894,27590180,52406,96
Amores Perros,2000,2000-06-16,7.627,2713,20908467,2000000,154
Detachment,2011,2011-04-24,7.626,1797,1681521,0,98
Stagecoach,1939,1939-03-02,7.626,1160,1103757,531374,96
Kingsman: The Secret Service,2015,2015-01-24,7.625,17163,414351546,81000000,129
I'm Starting from Three,1981,1981-03-05,7.625,684,0,0,107
"Miraculous: Ladybug & Cat Noir, The Movie",2023,2023-07-05,7.624,912,40208268,86000000,100
Mad Max: Fury Road,2015,2015-05-13,7.624,23204,378858340,150000000,121
Eddie Murphy: Delirious,1983,1983-10-15,7.624,330,0,0,69
The Tenant,1976,1976-05-26,7.6,1164,5100000,0,126
Entergalactic,2022,2022-09-28,7.623,416,0,0,93
Deadpool,2016,2016-02-09,7.6,31724,782837347,58000000,108
The Ultimate Gift,2007,2007-03-09,7.623,466,3438735,0,114
The Turin Horse,2011,2011-03-31,7.6,380,162088,1000000,155
Le Cercle Rouge,1970,1970-10-19,7.622,675,0,0,140
Mira,2022,2022-12-22,7.621,355,0,6042800,110
The Eight Mountains,2022,2022-12-21,7.621,757,9494985,0,147
Lilya 4-ever,2002,2002-08-23,7.6,596,1007747,2700000,109
Being There,1979,1979-12-19,7.621,1035,30177511,0,130
The Spirit of the Beehive,1973,1973-10-08,7.621,365,0,0,97
The Super Mario Bros. Movie,2023,2023-04-05,7.62,9811,1362000000,100000000,93
The Last Picture Show,1971,1971-10-03,7.62,721,29133000,1300000,119
Mildred Pierce,1945,1945-10-20,7.62,411,5638000,1453000,111
"tick, tick... BOOM!",2021,2021-11-11,7.621,2162,0,0,115
Get Out,2017,2017-02-24,7.619,17968,255407969,4500000,104
Drishyam,2015,2015-07-30,7.619,433,18000000,4600000,163
Victoria,2015,2015-06-11,7.619,1253,3191971,0,138
Maurice,1987,1987-09-18,7.62,563,2438304,2600000,140
Out of the Past,1947,1947-11-25,7.619,612,0,0,97
Girl in the Basement,2021,2021-02-27,7.618,763,0,0,88
Il Divo,2008,2008-05-28,7.618,1141,11260366,7275000,113
The Servant,1963,1963-11-14,7.617,351,0,0,116
Night of the Living Dead,1968,1968-10-04,7.617,2549,30000000,114000,96
Elevator to the Gallows,1958,1958-01-29,7.617,640,263404,0,91
Arrival,2016,2016-11-10,7.616,18369,203388186,47000000,116
The Others,2001,2001-08-02,7.615,6748,210002906,17000000,104
Harold and Maude,1971,1971-12-20,7.6,1128,0,1200000,91
Groundhog Day,1993,1993-02-11,7.616,8331,71108778,14600000,101
The Anthem of the Heart,2015,2015-09-19,7.62,408,8852989,0,119
Battleship Potemkin,1925,1925-12-24,7.6,1215,45100,0,75
Elemental,2023,2023-06-14,7.613,4862,496444308,200000000,102
Guardians of the Galaxy Vol. 2,2017,2017-04-19,7.613,22085,863756051,200000000,137
Avatar: The Way of Water,2022,2022-12-14,7.6,12671,2320250281,460000000,192
Blue Velvet,1986,1986-09-19,7.612,3527,8636706,6000000,120
"Steamboat Bill, Jr.",1928,1928-05-09,7.611,359,0,0,70
Eat Drink Man Woman,1994,1994-08-03,7.611,360,24194403,0,123
Anastasia,1997,1997-11-20,7.611,5395,139804348,53000000,94
The Sicilian Clan,1969,1969-12-05,7.611,338,0,19000000,121
